{
  "00309": {
     "Employee_ID":00309,
     "Lname":"Doe",
     "Fname":"John",
     "SSN":700000000,
     "Email":"Johnd@marz.com",
     "Address":"1792 Ripple St, Saginaw, MI 48601",
     "Is_Manager":"Yes",
     "Dep_Name":"ALL"  },
  "00333": {
     "Employee_ID":00333,
     "Lname":"Well",
     "Fname":"Max",
     "SSN":700000001,
     "Email":"MaxWell@marz.com",
     "Address":"1908 Hickory Heights Drive, Baltimore, MD 21202",
     "Is_Manager":"Yes",
     "Dep_Name":"FINANCE"  },
  "04079": {
     "Employee_ID":04079,
     "Lname":"Oy",
     "Fname":"Zag",
     "SSN":700000002,
     "Email":"Zago@marz.com",
     "Address":"3825 Cross St, Caro, MI 48723",
     "Is_Manager":"Yes",
     "Dep_Name":"MARKETING"  },
  "02864": {
     "Employee_ID":02864,
     "Lname":"Iam",
     "Fname":"Mar",
     "SSN":700000003,
     "Email":"MarIam@marz.com",
     "Address":"919 Cooks Mine Rd, Los Alamos, NM 87544",
     "Is_Manager":"Yes",
     "Dep_Name":"OPERATIONS"  },
  "01994": {
     "Employee_ID":01994,
     "Lname":"Plez ",
     "Fname":"Mar",
     "SSN":700000004,
     "Email":"MarPlez@marz.com",
     "Address":"3424 Giraffe Hill Dr, Dallas TX 75212",
     "Is_Manager":"Yes",
     "Dep_Name":"R&D"  },
  "48389": {
     "Employee_ID":48389,
     "Lname":"Kee",
     "Fname":"Fil",
     "SSN":700000005,
     "Email":"FilKee@marz.com",
     "Address":"1399 Griffin St, Phoenix, AZ 85003",
     "Is_Manager":"Yes",
     "Dep_Name":"FINANCE"  },
  "13965": {
     "Employee_ID":13965,
     "Lname":"Lyon",
     "Fname":"Mel",
     "SSN":700000006,
     "Email":"MelLyon@marz.com",
     "Address":"3808 Williams Mine Rd, Westfield, NJ 07090",
     "Is_Manager":"Yes",
     "Dep_Name":"FINANCE"  },
  "56587": {
     "Employee_ID":56587,
     "Lname":"Jon",
     "Fname":"Jess",
     "SSN":700000007,
     "Email":"JessJon@marz.com",
     "Address":"671 New York Ave, Los Angeles, CA 90071",
     "Is_Manager":"Yes",
     "Dep_Name":"MARKETING"  },
  "64517": {
     "Employee_ID":64517,
     "Lname":"Co",
     "Fname":"Brian",
     "SSN":700000008,
     "Email":"BrianCo@marz.com",
     "Address":"4613 Colony Street, Deltona, FL 32738",
     "Is_Manager":"Yes",
     "Dep_Name":"MARKETING"  },
  "84432": {
     "Employee_ID":84432,
     "Lname":"Win ",
     "Fname":"Jon",
     "SSN":700000009,
     "Email":"JonWin@marz.com",
     "Address":"3792 Oliverio Dr, Liberal KS 67901",
     "Is_Manager":"Yes",
     "Dep_Name":"OPERATIONS"  },
  "33206": {
     "Employee_ID":33206,
     "Lname":"Wil",
     "Fname":"Greg",
     "SSN":700000010,
     "Email":"GregWil@marz.com",
     "Address":"3280 Leverton Cove Rd, Springfield, MA 01103",
     "Is_Manager":"Yes",
     "Dep_Name":"OPERATIONS"  },
  "87640": {
     "Employee_ID":87640,
     "Lname":"Zhu",
     "Fname":"Ian",
     "SSN":700000011,
     "Email":"JanZhu@marz.com",
     "Address":"317 Alexander Dr, Dayton, ID 83232",
     "Is_Manager":"Yes",
     "Dep_Name":"R&D"  },
  "53725": {
     "Employee_ID":53725,
     "Lname":"Iam",
     "Fname":"George",
     "SSN":700000012,
     "Email":"GeorgeIam@marz.com",
     "Address":"582 St Francis Way, West Allis, WI 53227",
     "Is_Manager":"Yes",
     "Dep_Name":"R&D"  },
  "50970": {
     "Employee_ID":50970,
     "Lname":"Lee",
     "Fname":"Rose",
     "SSN":700000013,
     "Email":"RoseLee@marz.com",
     "Address":"2429 B Street, Stacy, MN 55079",
     "Is_Manager":"No",
     "Dep_Name":"FINANCE"  },
  "88023": {
     "Employee_ID":88023,
     "Lname":"Cam",
     "Fname":"Jake",
     "SSN":700000014,
     "Email":"JakeCam@marz.com",
     "Address":"2006 Wayside Lane, Hayward CA 94500",
     "Is_Manager":"No",
     "Dep_Name":"FINANCE"  },
  "98090": {
     "Employee_ID":98090,
     "Lname":"Wel",
     "Fname":"Dan",
     "SSN":700000015,
     "Email":"DanWel@marz.com",
     "Address":"2007 Wayside Lane, Hayward CA 94556",
     "Is_Manager":"No",
     "Dep_Name":"FINANCE"  },
  "22191": {
     "Employee_ID":22191,
     "Lname":"Vi",
     "Fname":"Michele",
     "SSN":700000016,
     "Email":"MicheleVi@marz.com",
     "Address":"2008 Wayside Lane, Hayward CA 94589",
     "Is_Manager":"No",
     "Dep_Name":"FINANCE"  },
  "52986": {
     "Employee_ID":52986,
     "Lname":"Kim",
     "Fname":"Bell",
     "SSN":700000017,
     "Email":"BellKim@marz.com",
     "Address":"1970 Walkers Ridge Way, Chicago, IL 60601",
     "Is_Manager":"No",
     "Dep_Name":"FINANCE"  },
  "17960": {
     "Employee_ID":17960,
     "Lname":"Ken",
     "Fname":"Kim",
     "SSN":700000018,
     "Email":"KimKen@marz.com",
     "Address":"4558 Junior Avenue, Atlanta , GA 30309",
     "Is_Manager":"No",
     "Dep_Name":"FINANCE"  },
  "46627": {
     "Employee_ID":46627,
     "Lname":"King",
     "Fname":"Deb",
     "SSN":700000019,
     "Email":"DebKing@marz.com",
     "Address":"4318 Old House Dr, Anthens, LA 71003",
     "Is_Manager":"No",
     "Dep_Name":"FINANCE"  },
  "77030": {
     "Employee_ID":77030,
     "Lname":"Jones",
     "Fname":"Awa",
     "SSN":700000020,
     "Email":"AwaJones@marz.com",
     "Address":"3816 George St, Gainesville, FL 32601",
     "Is_Manager":"No",
     "Dep_Name":"FINANCE"  },
  "32569": {
     "Employee_ID":32569,
     "Lname":"All",
     "Fname":"Arch",
     "SSN":700000021,
     "Email":"ArchAll@marz.com",
     "Address":"118 Meadow View Dr, Bristol, CT 06010",
     "Is_Manager":"No",
     "Dep_Name":"FINANCE"  },
  "41471": {
     "Employee_ID":41471,
     "Lname":"Stal",
     "Fname":"Gloria",
     "SSN":700000022,
     "Email":"GloriaStal@marz.com",
     "Address":"3966 George St, Gainesville, FL 32666",
     "Is_Manager":"No",
     "Dep_Name":"MARKETING"  },
  "92127": {
     "Employee_ID":92127,
     "Lname":"Vinh",
     "Fname":"Kate",
     "SSN":700000023,
     "Email":"KateVinh@marz.com",
     "Address":"3956 Ben St, Gainesville, FL 32605",
     "Is_Manager":"No",
     "Dep_Name":"MARKETING"  },
  "62988": {
     "Employee_ID":62988,
     "Lname":"Ven",
     "Fname":"Lori",
     "SSN":700000024,
     "Email":"LoriVen@marz.com",
     "Address":"4006 Hawl St, Gainesville, FL 32610",
     "Is_Manager":"No",
     "Dep_Name":"MARKETING"  },
  "79469": {
     "Employee_ID":79469,
     "Lname":"Ben",
     "Fname":"Cass",
     "SSN":700000025,
     "Email":"CassBen@marz.com",
     "Address":"766 London St, Gainesville, FL 32621",
     "Is_Manager":"No",
     "Dep_Name":"MARKETING"  },
  "82559": {
     "Employee_ID":82559,
     "Lname":"Jones",
     "Fname":"Jan",
     "SSN":700000026,
     "Email":"JanJones@marz.com",
     "Address":"106 Pal St, Gainesville, FL 32650",
     "Is_Manager":"No",
     "Dep_Name":"MARKETING"  },
  "43204": {
     "Employee_ID":43204,
     "Lname":"Jack",
     "Fname":"Bea",
     "SSN":700000027,
     "Email":"BeaJack@marz.com",
     "Address":"3966 ChickS St, Gainesville, FL 32630",
     "Is_Manager":"No",
     "Dep_Name":"MARKETING"  },
  "16946": {
     "Employee_ID":16946,
     "Lname":"Alonzo",
     "Fname":"Mimi",
     "SSN":700000028,
     "Email":"MimiAlonzo@marz.com",
     "Address":"396 Marie St, Gainesville, FL 32655",
     "Is_Manager":"No",
     "Dep_Name":"MARKETING"  },
  "80491": {
     "Employee_ID":80491,
     "Lname":"Arch",
     "Fname":"Hattie",
     "SSN":700000029,
     "Email":"HattieArch@marz.com",
     "Address":"966 George St, Gainesville, FL 32700",
     "Is_Manager":"No",
     "Dep_Name":"MARKETING"  },
  "89998": {
     "Employee_ID":89998,
     "Lname":"App",
     "Fname":"David",
     "SSN":700000030,
     "Email":"DavidApp@marz.com",
     "Address":"1450 Cedar St, Imboden, AR 72434",
     "Is_Manager":"No",
     "Dep_Name":"OPERATIONS"  },
  "68172": {
     "Employee_ID":68172,
     "Lname":"Tymo",
     "Fname":"Eva",
     "SSN":700000031,
     "Email":"EvaTymo@marz.com",
     "Address":"1451 Cedar St, Imboden, AR 72435",
     "Is_Manager":"No",
     "Dep_Name":"OPERATIONS"  },
  "19396": {
     "Employee_ID":19396,
     "Lname":"Oluwa",
     "Fname":"Marc",
     "SSN":700000032,
     "Email":"MarcOlu@marz.com",
     "Address":"1452 Cedar St, Imboden, AR 72436",
     "Is_Manager":"No",
     "Dep_Name":"OPERATIONS"  },
  "94324": {
     "Employee_ID":94324,
     "Lname":"Lyon",
     "Fname":"Tresor",
     "SSN":700000033,
     "Email":"TresorLyon@marz.com",
     "Address":"1453 Cedar St, Imboden, AR 72437",
     "Is_Manager":"No",
     "Dep_Name":"OPERATIONS"  },
  "98510": {
     "Employee_ID":98510,
     "Lname":"Lee",
     "Fname":"Mike",
     "SSN":700000034,
     "Email":"MikeLee@marz.com",
     "Address":"1454 Cedar St, Imboden, AR 72438",
     "Is_Manager":"No",
     "Dep_Name":"OPERATIONS"  },
  "76834": {
     "Employee_ID":76834,
     "Lname":"Ben",
     "Fname":"Liam",
     "SSN":700000035,
     "Email":"LiamBen@marz.com",
     "Address":"1455 Cedar St, Imboden, AR 72439",
     "Is_Manager":"No",
     "Dep_Name":"OPERATIONS"  },
  "01079": {
     "Employee_ID":01079,
     "Lname":"Vinh",
     "Fname":"Noah",
     "SSN":700000036,
     "Email":"NoahVin@marz.com",
     "Address":"1456 Cedar St, Imboden, AR 72500",
     "Is_Manager":"No",
     "Dep_Name":"OPERATIONS"  },
  "31632": {
     "Employee_ID":31632,
     "Lname":"Jane",
     "Fname":"Mari",
     "SSN":700000037,
     "Email":"MariJan@marz.com",
     "Address":"1457 Cedar St, Imboden, AR 72561",
     "Is_Manager":"No",
     "Dep_Name":"OPERATIONS"  },
  "46746": {
     "Employee_ID":46746,
     "Lname":"Kim",
     "Fname":"Mari",
     "SSN":700000038,
     "Email":"MariKim@marz.com",
     "Address":"1458 Cedar St, Imboden, AR 72425",
     "Is_Manager":"No",
     "Dep_Name":"OPERATIONS"  },
  "10538": {
     "Employee_ID":10538,
     "Lname":"Cam",
     "Fname":"Lucas",
     "SSN":700000039,
     "Email":"LucasCam@marz.com",
     "Address":"1459 Cedar St, Imboden, AR 72400",
     "Is_Manager":"No",
     "Dep_Name":"OPERATIONS"  },
  "99184": {
     "Employee_ID":99184,
     "Lname":"Jah",
     "Fname":"Eli",
     "SSN":700000040,
     "Email":"EliJa@marz.com",
     "Address":"1426 Eastland Ave, Hattiesburg, MS 39401",
     "Is_Manager":"No",
     "Dep_Name":"R&D"  },
  "19629": {
     "Employee_ID":19629,
     "Lname":"Vinh",
     "Fname":"Kate",
     "SSN":700000041,
     "Email":"KateVinh2@marz.com",
     "Address":"1427 Eastland Ave, Hattiesburg, MS 39410",
     "Is_Manager":"No",
     "Dep_Name":"R&D"  },
  "92323": {
     "Employee_ID":92323,
     "Lname":"King",
     "Fname":"Deb",
     "SSN":700000042,
     "Email":"DebKing8@marz.com",
     "Address":"1428 Eastland Ave, Hattiesburg, MS 39411",
     "Is_Manager":"No",
     "Dep_Name":"R&D"  },
  "51872": {
     "Employee_ID":51872,
     "Lname":"Wel",
     "Fname":"Dani",
     "SSN":700000043,
     "Email":"DaniWel5@marz.com",
     "Address":"1429 Eastland Ave, Hattiesburg, MS 39500",
     "Is_Manager":"No",
     "Dep_Name":"R&D"  },
  "77861": {
     "Employee_ID":77861,
     "Lname":"Vi",
     "Fname":"Michele",
     "SSN":700000044,
     "Email":"MicheleVi2@marz.com",
     "Address":"1430 Eastland Ave, Hattiesburg, MS 39451",
     "Is_Manager":"No",
     "Dep_Name":"R&D"  },
  "82072": {
     "Employee_ID":82072,
     "Lname":"Stal",
     "Fname":"Gloria",
     "SSN":700000045,
     "Email":"GloriaStal3@marz.com",
     "Address":"1431 Eastland Ave, Hattiesburg, MS 39461",
     "Is_Manager":"No",
     "Dep_Name":"R&D"  },
  "46737": {
     "Employee_ID":46737,
     "Lname":"Poss",
     "Fname":"Kim",
     "SSN":700000046,
     "Email":"KimPoss@marz.com",
     "Address":"1432 Eastland Ave, Hattiesburg, MS 39449",
     "Is_Manager":"No",
     "Dep_Name":"R&D"  },
  "87457": {
     "Employee_ID":87457,
     "Lname":"Cameron",
     "Fname":"Jake",
     "SSN":700000047,
     "Email":"JakeCamer@marz.com",
     "Address":"1433 Eastland Ave, Hattiesburg, MS 39446",
     "Is_Manager":"No",
     "Dep_Name":"R&D"  },
  "02185": {
     "Employee_ID":02185,
     "Lname":"Jones",
     "Fname":"Jess",
     "SSN":700000048,
     "Email":"JonesJess@marz.com",
     "Address":"1434 Eastland Ave, Hattiesburg, MS 39450",
     "Is_Manager":"No",
     "Dep_Name":"R&D"  },
  "63754": {
     "Employee_ID":63754,
     "Lname":"Lee",
     "Fname":"Maria",
     "SSN":700000049,
     "Email":"MariaLee@marz.com",
     "Address":"1435 Eastland Ave, Hattiesburg, MS 39455",
     "Is_Manager":"No",
     "Dep_Name":"R&D"  }
}