[
  "00309":{
     "Employee_ID":00309,
     "HashPwd":"Pwd1" 
  },
  "00333":{
     "Employee_ID":00333,
     "HashPwd":"Pwd2" 
  },
  "04079":{
     "Employee_ID":04079,
     "HashPwd":"Pwd3" 
  },
  "02864":{
     "Employee_ID":02864,
     "HashPwd":"Pwd4" 
  },
  "01994":{
     "Employee_ID":01994,
     "HashPwd":"Pwd5" 
  },
  "48389":{
     "Employee_ID":48389,
     "HashPwd":"Pwd6" 
  },
  "13965":{
     "Employee_ID":13965,
     "HashPwd":"Pwd7" 
  },
  "56587":{
     "Employee_ID":56587,
     "HashPwd":"Pwd8" 
  },
  "64517":{
     "Employee_ID":64517,
     "HashPwd":"Pwd9" 
  },
  "84432":{
     "Employee_ID":84432,
     "HashPwd":"Pwd10" 
  },
  "33206":{
     "Employee_ID":33206,
     "HashPwd":"Pwd11" 
  },
  "87640":{
     "Employee_ID":87640,
     "HashPwd":"Pwd12" 
  },
  "53725":{
     "Employee_ID":53725,
     "HashPwd":"Pwd13" 
  },
  "50970":{
     "Employee_ID":50970,
     "HashPwd":"Pwd14" 
  },
  "88023":{
     "Employee_ID":88023,
     "HashPwd":"Pwd15" 
  },
  "98090":{
     "Employee_ID":98090,
     "HashPwd":"Pwd16" 
  },
  "22191":{
     "Employee_ID":22191,
     "HashPwd":"Pwd17" 
  },
  "52986":{
     "Employee_ID":52986,
     "HashPwd":"Pwd18" 
  },
  "17960":{
     "Employee_ID":17960,
     "HashPwd":"Pwd19" 
  },
  "46627":{
     "Employee_ID":46627,
     "HashPwd":"Pwd20" 
  },
  "77030":{
     "Employee_ID":77030,
     "HashPwd":"Pwd21" 
  },
  "32569":{
     "Employee_ID":32569,
     "HashPwd":"Pwd22" 
  },
  "41471":{
     "Employee_ID":41471,
     "HashPwd":"Pwd23" 
  },
  "92127":{
     "Employee_ID":92127,
     "HashPwd":"Pwd24" 
  },
  "62988":{
     "Employee_ID":62988,
     "HashPwd":"Pwd25" 
  },
  "79469":{
     "Employee_ID":79469,
     "HashPwd":"Pwd26" 
  },
  "82559":{
     "Employee_ID":82559,
     "HashPwd":"Pwd27" 
  },
  "43204":{
     "Employee_ID":43204,
     "HashPwd":"Pwd28" 
  },
  "16946":{
     "Employee_ID":16946,
     "HashPwd":"Pwd29" 
  },
  "80491":{
     "Employee_ID":80491,
     "HashPwd":"Pwd30" 
  },
  "89998":{
     "Employee_ID":89998,
     "HashPwd":"Pwd31" 
  },
  "68172":{
     "Employee_ID":68172,
     "HashPwd":"Pwd32" 
  },
  "19396":{
     "Employee_ID":19396,
     "HashPwd":"Pwd33" 
  },
  "94324":{
     "Employee_ID":94324,
     "HashPwd":"Pwd34" 
  },
  "98510":{
     "Employee_ID":98510,
     "HashPwd":"Pwd35" 
  },
  "76834":{
     "Employee_ID":76834,
     "HashPwd":"Pwd36" 
  },
  "01079":{
     "Employee_ID":01079,
     "HashPwd":"Pwd37" 
  },
  "31632":{
     "Employee_ID":31632,
     "HashPwd":"Pwd38" 
  },
  "46746":{
     "Employee_ID":46746,
     "HashPwd":"Pwd39" 
  },
  "10538":{
     "Employee_ID":10538,
     "HashPwd":"Pwd40" 
  },
  "99184":{
     "Employee_ID":99184,
     "HashPwd":"Pwd41" 
  },
  "19629":{
     "Employee_ID":19629,
     "HashPwd":"Pwd42" 
  },
  "92323":{
     "Employee_ID":92323,
     "HashPwd":"Pwd43" 
  },
  "51872":{
     "Employee_ID":51872,
     "HashPwd":"Pwd44" 
  },
  "77861":{
     "Employee_ID":77861,
     "HashPwd":"Pwd45" 
  },
  "82072":{
     "Employee_ID":82072,
     "HashPwd":"Pwd46" 
  },
  "46737":{
     "Employee_ID":46737,
     "HashPwd":"Pwd47" 
  },
  "87457":{
     "Employee_ID":87457,
     "HashPwd":"Pwd48" 
  },
  "02185":{
     "Employee_ID":02185,
     "HashPwd":"Pwd49" 
  },
  "63754":{
     "Employee_ID":63754,
     "HashPwd":"Pwd50" 
  }
]