{
  "1": {
     "Paycheck_ID":1,
     "Employee_ID":00309,
     "Start_Date":"10/18/2021",
     "End_date":"10/31/2021",
     "TimeElapsed":40,
     "HourlyWage":300,
     "TotalPay":12000  },
  "2": {
     "Paycheck_ID":2,
     "Employee_ID":00309,
     "Start_Date":"11/1/2021",
     "End_date":"11/14/2021",
     "TimeElapsed":40,
     "HourlyWage":300,
     "TotalPay":12000  },
  "3": {
     "Paycheck_ID":3,
     "Employee_ID":00333,
     "Start_Date":"10/18/2021",
     "End_date":"10/31/2021",
     "TimeElapsed":40,
     "HourlyWage":200,
     "TotalPay":8000  },
  "4": {
     "Paycheck_ID":4,
     "Employee_ID":00333,
     "Start_Date":"11/1/2021",
     "End_date":"11/14/2021",
     "TimeElapsed":40,
     "HourlyWage":200,
     "TotalPay":8000  },
  "5": {
     "Paycheck_ID":5,
     "Employee_ID":04079,
     "Start_Date":"10/18/2021",
     "End_date":"10/31/2021",
     "TimeElapsed":40,
     "HourlyWage":200,
     "TotalPay":8000  },
  "6": {
     "Paycheck_ID":6,
     "Employee_ID":04079,
     "Start_Date":"11/1/2021",
     "End_date":"11/14/2021",
     "TimeElapsed":40,
     "HourlyWage":200,
     "TotalPay":8000  },
  "7": {
     "Paycheck_ID":7,
     "Employee_ID":02864,
     "Start_Date":"10/18/2021",
     "End_date":"10/31/2021",
     "TimeElapsed":40,
     "HourlyWage":200,
     "TotalPay":8000  },
  "8": {
     "Paycheck_ID":8,
     "Employee_ID":02864,
     "Start_Date":"11/1/2021",
     "End_date":"11/14/2021",
     "TimeElapsed":40,
     "HourlyWage":200,
     "TotalPay":8000  },
  "9": {
     "Paycheck_ID":9,
     "Employee_ID":01994,
     "Start_Date":"10/18/2021",
     "End_date":"10/31/2021",
     "TimeElapsed":40,
     "HourlyWage":200,
     "TotalPay":8000  },
  "10": {
     "Paycheck_ID":10,
     "Employee_ID":01994,
     "Start_Date":"11/1/2021",
     "End_date":"11/14/2021",
     "TimeElapsed":40,
     "HourlyWage":200,
     "TotalPay":8000  },
  "11": {
     "Paycheck_ID":11,
     "Employee_ID":48389,
     "Start_Date":"10/18/2021",
     "End_date":"10/31/2021",
     "TimeElapsed":40,
     "HourlyWage":150,
     "TotalPay":6000  },
  "12": {
     "Paycheck_ID":12,
     "Employee_ID":48389,
     "Start_Date":"11/1/2021",
     "End_date":"11/14/2021",
     "TimeElapsed":40,
     "HourlyWage":150,
     "TotalPay":6000  },
  "13": {
     "Paycheck_ID":13,
     "Employee_ID":13965,
     "Start_Date":"10/18/2021",
     "End_date":"10/31/2021",
     "TimeElapsed":40,
     "HourlyWage":150,
     "TotalPay":6000  },
  "14": {
     "Paycheck_ID":14,
     "Employee_ID":13965,
     "Start_Date":"11/1/2021",
     "End_date":"11/14/2021",
     "TimeElapsed":40,
     "HourlyWage":150,
     "TotalPay":6000  },
  "15": {
     "Paycheck_ID":15,
     "Employee_ID":56587,
     "Start_Date":"10/18/2021",
     "End_date":"10/31/2021",
     "TimeElapsed":40,
     "HourlyWage":150,
     "TotalPay":6000  },
  "16": {
     "Paycheck_ID":16,
     "Employee_ID":56587,
     "Start_Date":"11/1/2021",
     "End_date":"11/14/2021",
     "TimeElapsed":40,
     "HourlyWage":150,
     "TotalPay":6000  },
  "17": {
     "Paycheck_ID":17,
     "Employee_ID":64517,
     "Start_Date":"10/18/2021",
     "End_date":"10/31/2021",
     "TimeElapsed":40,
     "HourlyWage":150,
     "TotalPay":6000  },
  "18": {
     "Paycheck_ID":18,
     "Employee_ID":64517,
     "Start_Date":"11/1/2021",
     "End_date":"11/14/2021",
     "TimeElapsed":40,
     "HourlyWage":150,
     "TotalPay":6000  },
  "19": {
     "Paycheck_ID":19,
     "Employee_ID":84432,
     "Start_Date":"10/18/2021",
     "End_date":"10/31/2021",
     "TimeElapsed":40,
     "HourlyWage":150,
     "TotalPay":6000  },
  "20": {
     "Paycheck_ID":20,
     "Employee_ID":84432,
     "Start_Date":"11/1/2021",
     "End_date":"11/14/2021",
     "TimeElapsed":40,
     "HourlyWage":150,
     "TotalPay":6000  },
  "21": {
     "Paycheck_ID":21,
     "Employee_ID":33206,
     "Start_Date":"10/18/2021",
     "End_date":"10/31/2021",
     "TimeElapsed":40,
     "HourlyWage":150,
     "TotalPay":6000  },
  "22": {
     "Paycheck_ID":22,
     "Employee_ID":33206,
     "Start_Date":"11/1/2021",
     "End_date":"11/14/2021",
     "TimeElapsed":40,
     "HourlyWage":150,
     "TotalPay":6000  },
  "23": {
     "Paycheck_ID":23,
     "Employee_ID":87640,
     "Start_Date":"10/18/2021",
     "End_date":"10/31/2021",
     "TimeElapsed":40,
     "HourlyWage":150,
     "TotalPay":6000  },
  "24": {
     "Paycheck_ID":24,
     "Employee_ID":87640,
     "Start_Date":"11/1/2021",
     "End_date":"11/14/2021",
     "TimeElapsed":40,
     "HourlyWage":150,
     "TotalPay":6000  },
  "25": {
     "Paycheck_ID":25,
     "Employee_ID":53725,
     "Start_Date":"10/18/2021",
     "End_date":"10/31/2021",
     "TimeElapsed":40,
     "HourlyWage":150,
     "TotalPay":6000  },
  "26": {
     "Paycheck_ID":26,
     "Employee_ID":53725,
     "Start_Date":"11/1/2021",
     "End_date":"11/14/2021",
     "TimeElapsed":40,
     "HourlyWage":150,
     "TotalPay":6000  },
  "27": {
     "Paycheck_ID":27,
     "Employee_ID":50970,
     "Start_Date":"10/18/2021",
     "End_date":"10/31/2021",
     "TimeElapsed":40,
     "HourlyWage":50,
     "TotalPay":2000  },
  "28": {
     "Paycheck_ID":28,
     "Employee_ID":50970,
     "Start_Date":"11/1/2021",
     "End_date":"11/14/2021",
     "TimeElapsed":40,
     "HourlyWage":50,
     "TotalPay":2000  },
  "29": {
     "Paycheck_ID":29,
     "Employee_ID":88023,
     "Start_Date":"10/18/2021",
     "End_date":"10/31/2021",
     "TimeElapsed":40,
     "HourlyWage":50,
     "TotalPay":2000  },
  "30": {
     "Paycheck_ID":30,
     "Employee_ID":88023,
     "Start_Date":"11/1/2021",
     "End_date":"11/14/2021",
     "TimeElapsed":40,
     "HourlyWage":50,
     "TotalPay":2000  },
  "31": {
     "Paycheck_ID":31,
     "Employee_ID":98090,
     "Start_Date":"10/18/2021",
     "End_date":"10/31/2021",
     "TimeElapsed":40,
     "HourlyWage":50,
     "TotalPay":2000  },
  "32": {
     "Paycheck_ID":32,
     "Employee_ID":98090,
     "Start_Date":"11/1/2021",
     "End_date":"11/14/2021",
     "TimeElapsed":40,
     "HourlyWage":50,
     "TotalPay":2000  },
  "33": {
     "Paycheck_ID":33,
     "Employee_ID":22191,
     "Start_Date":"10/18/2021",
     "End_date":"10/31/2021",
     "TimeElapsed":40,
     "HourlyWage":50,
     "TotalPay":2000  },
  "34": {
     "Paycheck_ID":34,
     "Employee_ID":22191,
     "Start_Date":"11/1/2021",
     "End_date":"11/14/2021",
     "TimeElapsed":40,
     "HourlyWage":50,
     "TotalPay":2000  },
  "35": {
     "Paycheck_ID":35,
     "Employee_ID":52986,
     "Start_Date":"10/18/2021",
     "End_date":"10/31/2021",
     "TimeElapsed":40,
     "HourlyWage":50,
     "TotalPay":2000  },
  "36": {
     "Paycheck_ID":36,
     "Employee_ID":52986,
     "Start_Date":"11/1/2021",
     "End_date":"11/14/2021",
     "TimeElapsed":40,
     "HourlyWage":50,
     "TotalPay":2000  },
  "37": {
     "Paycheck_ID":37,
     "Employee_ID":17960,
     "Start_Date":"10/18/2021",
     "End_date":"10/31/2021",
     "TimeElapsed":40,
     "HourlyWage":50,
     "TotalPay":2000  },
  "38": {
     "Paycheck_ID":38,
     "Employee_ID":17960,
     "Start_Date":"11/1/2021",
     "End_date":"11/14/2021",
     "TimeElapsed":40,
     "HourlyWage":50,
     "TotalPay":2000  },
  "39": {
     "Paycheck_ID":39,
     "Employee_ID":46627,
     "Start_Date":"10/18/2021",
     "End_date":"10/31/2021",
     "TimeElapsed":40,
     "HourlyWage":50,
     "TotalPay":2000  },
  "40": {
     "Paycheck_ID":40,
     "Employee_ID":46627,
     "Start_Date":"11/1/2021",
     "End_date":"11/14/2021",
     "TimeElapsed":40,
     "HourlyWage":50,
     "TotalPay":2000  },
  "41": {
     "Paycheck_ID":41,
     "Employee_ID":77030,
     "Start_Date":"10/18/2021",
     "End_date":"10/31/2021",
     "TimeElapsed":40,
     "HourlyWage":50,
     "TotalPay":2000  },
  "42": {
     "Paycheck_ID":42,
     "Employee_ID":77030,
     "Start_Date":"11/1/2021",
     "End_date":"11/14/2021",
     "TimeElapsed":40,
     "HourlyWage":50,
     "TotalPay":2000  },
  "43": {
     "Paycheck_ID":43,
     "Employee_ID":32569,
     "Start_Date":"10/18/2021",
     "End_date":"10/31/2021",
     "TimeElapsed":40,
     "HourlyWage":50,
     "TotalPay":2000  },
  "44": {
     "Paycheck_ID":44,
     "Employee_ID":32569,
     "Start_Date":"11/1/2021",
     "End_date":"11/14/2021",
     "TimeElapsed":40,
     "HourlyWage":50,
     "TotalPay":2000  },
  "45": {
     "Paycheck_ID":45,
     "Employee_ID":41471,
     "Start_Date":"10/18/2021",
     "End_date":"10/31/2021",
     "TimeElapsed":40,
     "HourlyWage":50,
     "TotalPay":2000  },
  "46": {
     "Paycheck_ID":46,
     "Employee_ID":41471,
     "Start_Date":"11/1/2021",
     "End_date":"11/14/2021",
     "TimeElapsed":40,
     "HourlyWage":50,
     "TotalPay":2000  },
  "47": {
     "Paycheck_ID":47,
     "Employee_ID":92127,
     "Start_Date":"10/18/2021",
     "End_date":"10/31/2021",
     "TimeElapsed":40,
     "HourlyWage":50,
     "TotalPay":2000  },
  "48": {
     "Paycheck_ID":48,
     "Employee_ID":92127,
     "Start_Date":"11/1/2021",
     "End_date":"11/14/2021",
     "TimeElapsed":40,
     "HourlyWage":50,
     "TotalPay":2000  },
  "49": {
     "Paycheck_ID":49,
     "Employee_ID":62988,
     "Start_Date":"10/18/2021",
     "End_date":"10/31/2021",
     "TimeElapsed":40,
     "HourlyWage":50,
     "TotalPay":2000  },
  "50": {
     "Paycheck_ID":50,
     "Employee_ID":62988,
     "Start_Date":"11/1/2021",
     "End_date":"11/14/2021",
     "TimeElapsed":40,
     "HourlyWage":50,
     "TotalPay":2000  },
  "51": {
     "Paycheck_ID":51,
     "Employee_ID":79469,
     "Start_Date":"10/18/2021",
     "End_date":"10/31/2021",
     "TimeElapsed":40,
     "HourlyWage":50,
     "TotalPay":2000  },
  "52": {
     "Paycheck_ID":52,
     "Employee_ID":79469,
     "Start_Date":"11/1/2021",
     "End_date":"11/14/2021",
     "TimeElapsed":40,
     "HourlyWage":50,
     "TotalPay":2000  },
  "53": {
     "Paycheck_ID":53,
     "Employee_ID":82559,
     "Start_Date":"10/18/2021",
     "End_date":"10/31/2021",
     "TimeElapsed":40,
     "HourlyWage":50,
     "TotalPay":2000  },
  "54": {
     "Paycheck_ID":54,
     "Employee_ID":82559,
     "Start_Date":"11/1/2021",
     "End_date":"11/14/2021",
     "TimeElapsed":40,
     "HourlyWage":50,
     "TotalPay":2000  },
  "55": {
     "Paycheck_ID":55,
     "Employee_ID":43204,
     "Start_Date":"10/18/2021",
     "End_date":"10/31/2021",
     "TimeElapsed":40,
     "HourlyWage":50,
     "TotalPay":2000  },
  "56": {
     "Paycheck_ID":56,
     "Employee_ID":43204,
     "Start_Date":"11/1/2021",
     "End_date":"11/14/2021",
     "TimeElapsed":40,
     "HourlyWage":50,
     "TotalPay":2000  },
  "57": {
     "Paycheck_ID":57,
     "Employee_ID":16946,
     "Start_Date":"10/18/2021",
     "End_date":"10/31/2021",
     "TimeElapsed":40,
     "HourlyWage":50,
     "TotalPay":2000  },
  "58": {
     "Paycheck_ID":58,
     "Employee_ID":16946,
     "Start_Date":"11/1/2021",
     "End_date":"11/14/2021",
     "TimeElapsed":40,
     "HourlyWage":50,
     "TotalPay":2000  },
  "59": {
     "Paycheck_ID":59,
     "Employee_ID":80491,
     "Start_Date":"10/18/2021",
     "End_date":"10/31/2021",
     "TimeElapsed":40,
     "HourlyWage":50,
     "TotalPay":2000  },
  "60": {
     "Paycheck_ID":60,
     "Employee_ID":80491,
     "Start_Date":"11/1/2021",
     "End_date":"11/14/2021",
     "TimeElapsed":40,
     "HourlyWage":50,
     "TotalPay":2000  },
  "61": {
     "Paycheck_ID":61,
     "Employee_ID":89998,
     "Start_Date":"10/18/2021",
     "End_date":"10/31/2021",
     "TimeElapsed":40,
     "HourlyWage":50,
     "TotalPay":2000  },
  "62": {
     "Paycheck_ID":62,
     "Employee_ID":89998,
     "Start_Date":"11/1/2021",
     "End_date":"11/14/2021",
     "TimeElapsed":40,
     "HourlyWage":50,
     "TotalPay":2000  },
  "63": {
     "Paycheck_ID":63,
     "Employee_ID":68172,
     "Start_Date":"10/18/2021",
     "End_date":"10/31/2021",
     "TimeElapsed":40,
     "HourlyWage":50,
     "TotalPay":2000  },
  "64": {
     "Paycheck_ID":64,
     "Employee_ID":68172,
     "Start_Date":"11/1/2021",
     "End_date":"11/14/2021",
     "TimeElapsed":40,
     "HourlyWage":50,
     "TotalPay":2000  },
  "65": {
     "Paycheck_ID":65,
     "Employee_ID":19396,
     "Start_Date":"10/18/2021",
     "End_date":"10/31/2021",
     "TimeElapsed":40,
     "HourlyWage":50,
     "TotalPay":2000  },
  "66": {
     "Paycheck_ID":66,
     "Employee_ID":19396,
     "Start_Date":"11/1/2021",
     "End_date":"11/14/2021",
     "TimeElapsed":40,
     "HourlyWage":50,
     "TotalPay":2000  },
  "67": {
     "Paycheck_ID":67,
     "Employee_ID":94324,
     "Start_Date":"10/18/2021",
     "End_date":"10/31/2021",
     "TimeElapsed":40,
     "HourlyWage":50,
     "TotalPay":2000  },
  "68": {
     "Paycheck_ID":68,
     "Employee_ID":94324,
     "Start_Date":"11/1/2021",
     "End_date":"11/14/2021",
     "TimeElapsed":40,
     "HourlyWage":50,
     "TotalPay":2000  },
  "69": {
     "Paycheck_ID":69,
     "Employee_ID":98510,
     "Start_Date":"10/18/2021",
     "End_date":"10/31/2021",
     "TimeElapsed":40,
     "HourlyWage":50,
     "TotalPay":2000  },
  "70": {
     "Paycheck_ID":70,
     "Employee_ID":98510,
     "Start_Date":"11/1/2021",
     "End_date":"11/14/2021",
     "TimeElapsed":40,
     "HourlyWage":50,
     "TotalPay":2000  },
  "71": {
     "Paycheck_ID":71,
     "Employee_ID":76834,
     "Start_Date":"10/18/2021",
     "End_date":"10/31/2021",
     "TimeElapsed":40,
     "HourlyWage":50,
     "TotalPay":2000  },
  "72": {
     "Paycheck_ID":72,
     "Employee_ID":76834,
     "Start_Date":"11/1/2021",
     "End_date":"11/14/2021",
     "TimeElapsed":40,
     "HourlyWage":50,
     "TotalPay":2000  },
  "73": {
     "Paycheck_ID":73,
     "Employee_ID":01079,
     "Start_Date":"10/18/2021",
     "End_date":"10/31/2021",
     "TimeElapsed":40,
     "HourlyWage":50,
     "TotalPay":2000  },
  "74": {
     "Paycheck_ID":74,
     "Employee_ID":01079,
     "Start_Date":"11/1/2021",
     "End_date":"11/14/2021",
     "TimeElapsed":40,
     "HourlyWage":50,
     "TotalPay":2000  },
  "75": {
     "Paycheck_ID":75,
     "Employee_ID":31632,
     "Start_Date":"10/18/2021",
     "End_date":"10/31/2021",
     "TimeElapsed":40,
     "HourlyWage":50,
     "TotalPay":2000  },
  "76": {
     "Paycheck_ID":76,
     "Employee_ID":31632,
     "Start_Date":"11/1/2021",
     "End_date":"11/14/2021",
     "TimeElapsed":40,
     "HourlyWage":50,
     "TotalPay":2000  },
  "77": {
     "Paycheck_ID":77,
     "Employee_ID":46746,
     "Start_Date":"10/18/2021",
     "End_date":"10/31/2021",
     "TimeElapsed":40,
     "HourlyWage":50,
     "TotalPay":2000  },
  "78": {
     "Paycheck_ID":78,
     "Employee_ID":46746,
     "Start_Date":"11/1/2021",
     "End_date":"11/14/2021",
     "TimeElapsed":40,
     "HourlyWage":50,
     "TotalPay":2000  },
  "79": {
     "Paycheck_ID":79,
     "Employee_ID":10538,
     "Start_Date":"10/18/2021",
     "End_date":"10/31/2021",
     "TimeElapsed":40,
     "HourlyWage":50,
     "TotalPay":2000  },
  "80": {
     "Paycheck_ID":80,
     "Employee_ID":10538,
     "Start_Date":"11/1/2021",
     "End_date":"11/14/2021",
     "TimeElapsed":40,
     "HourlyWage":50,
     "TotalPay":2000  },
  "81": {
     "Paycheck_ID":81,
     "Employee_ID":99184,
     "Start_Date":"10/18/2021",
     "End_date":"10/31/2021",
     "TimeElapsed":40,
     "HourlyWage":50,
     "TotalPay":2000  },
  "82": {
     "Paycheck_ID":82,
     "Employee_ID":99184,
     "Start_Date":"11/1/2021",
     "End_date":"11/14/2021",
     "TimeElapsed":40,
     "HourlyWage":50,
     "TotalPay":2000  },
  "83": {
     "Paycheck_ID":83,
     "Employee_ID":19629,
     "Start_Date":"10/18/2021",
     "End_date":"10/31/2021",
     "TimeElapsed":40,
     "HourlyWage":50,
     "TotalPay":2000  },
  "84": {
     "Paycheck_ID":84,
     "Employee_ID":19629,
     "Start_Date":"11/1/2021",
     "End_date":"11/14/2021",
     "TimeElapsed":40,
     "HourlyWage":50,
     "TotalPay":2000  },
  "85": {
     "Paycheck_ID":85,
     "Employee_ID":92323,
     "Start_Date":"10/18/2021",
     "End_date":"10/31/2021",
     "TimeElapsed":40,
     "HourlyWage":50,
     "TotalPay":2000  },
  "86": {
     "Paycheck_ID":86,
     "Employee_ID":92323,
     "Start_Date":"11/1/2021",
     "End_date":"11/14/2021",
     "TimeElapsed":40,
     "HourlyWage":50,
     "TotalPay":2000  },
  "87": {
     "Paycheck_ID":87,
     "Employee_ID":51872,
     "Start_Date":"10/18/2021",
     "End_date":"10/31/2021",
     "TimeElapsed":40,
     "HourlyWage":50,
     "TotalPay":2000  },
  "88": {
     "Paycheck_ID":88,
     "Employee_ID":51872,
     "Start_Date":"11/1/2021",
     "End_date":"11/14/2021",
     "TimeElapsed":40,
     "HourlyWage":50,
     "TotalPay":2000  },
  "89": {
     "Paycheck_ID":89,
     "Employee_ID":77861,
     "Start_Date":"10/18/2021",
     "End_date":"10/31/2021",
     "TimeElapsed":40,
     "HourlyWage":50,
     "TotalPay":2000  },
  "90": {
     "Paycheck_ID":90,
     "Employee_ID":77861,
     "Start_Date":"11/1/2021",
     "End_date":"11/14/2021",
     "TimeElapsed":40,
     "HourlyWage":50,
     "TotalPay":2000  },
  "91": {
     "Paycheck_ID":91,
     "Employee_ID":82072,
     "Start_Date":"10/18/2021",
     "End_date":"10/31/2021",
     "TimeElapsed":40,
     "HourlyWage":50,
     "TotalPay":2000  },
  "92": {
     "Paycheck_ID":92,
     "Employee_ID":82072,
     "Start_Date":"11/1/2021",
     "End_date":"11/14/2021",
     "TimeElapsed":40,
     "HourlyWage":50,
     "TotalPay":2000  },
  "93": {
     "Paycheck_ID":93,
     "Employee_ID":46737,
     "Start_Date":"10/18/2021",
     "End_date":"10/31/2021",
     "TimeElapsed":40,
     "HourlyWage":50,
     "TotalPay":2000  },
  "94": {
     "Paycheck_ID":94,
     "Employee_ID":46737,
     "Start_Date":"11/1/2021",
     "End_date":"11/14/2021",
     "TimeElapsed":40,
     "HourlyWage":50,
     "TotalPay":2000  },
  "95": {
     "Paycheck_ID":95,
     "Employee_ID":87457,
     "Start_Date":"10/18/2021",
     "End_date":"10/31/2021",
     "TimeElapsed":40,
     "HourlyWage":50,
     "TotalPay":2000  },
  "96": {
     "Paycheck_ID":96,
     "Employee_ID":87457,
     "Start_Date":"11/1/2021",
     "End_date":"11/14/2021",
     "TimeElapsed":40,
     "HourlyWage":50,
     "TotalPay":2000  },
  "97": {
     "Paycheck_ID":97,
     "Employee_ID":02185,
     "Start_Date":"10/18/2021",
     "End_date":"10/31/2021",
     "TimeElapsed":40,
     "HourlyWage":50,
     "TotalPay":2000  },
  "98": {
     "Paycheck_ID":98,
     "Employee_ID":02185,
     "Start_Date":"11/1/2021",
     "End_date":"11/14/2021",
     "TimeElapsed":40,
     "HourlyWage":50,
     "TotalPay":2000  },
  "99": {
     "Paycheck_ID":99,
     "Employee_ID":63754,
     "Start_Date":"10/18/2021",
     "End_date":"10/31/2021",
     "TimeElapsed":40,
     "HourlyWage":50,
     "TotalPay":2000  },
  "100": {
     "Paycheck_ID":100,
     "Employee_ID":63754,
     "Start_Date":"11/1/2021",
     "End_date":"11/14/2021",
     "TimeElapsed":40,
     "HourlyWage":50,
     "TotalPay":2000  }
}
